#sno	slug	name
	all	All Questions
	~ Home	
1	architecture-and-core-mechanics	Architecture & Core Mechanics
2	workflow-and-content-management	Workflow & Content Management
3	network-governance-and-dawn-philosophy	Network Governance & DAWN Philosophy
	~ Also	
4	training-onboarding-and-operations	Training, Onboarding & Operations
5	target-audience-and-use-cases	Target Audience & Use Cases
10	personas-scenarios-and-diagnostics	Personas, Scenarios & Diagnostics
	~ Advanced	
6	architecture-and-core-mechanics--advanced	Architecture & Core Mechanics - Advanced
7	workflow-and-content-management--advanced	Workflow & Content Management - Advanced
8	network-governance-and-dawn-philosophy--advanced	Network Governance & DAWN Philosophy - Advanced
9	training-onboarding-and-operations--advanced	Training, Onboarding & Operations - Advanced
